source,target
tag,LUSTRE_STRIPE_SIZE
LUSTRE_STRIPE_SIZE,LUSTRE_STRIPE_WIDTH
tag,LUSTRE_STRIPE_WIDTH
LUSTRE_STRIPE_WIDTH,LUSTRE_STRIPE_SIZE
LUSTRE_STRIPE_WIDTH,POSIX_STRIDE3_STRIDE
LUSTRE_STRIPE_WIDTH,POSIX_STRIDE4_STRIDE
LUSTRE_STRIPE_WIDTH,POSIX_STRIDE3_COUNT
LUSTRE_STRIPE_WIDTH,POSIX_STRIDE4_COUNT
LUSTRE_STRIPE_WIDTH,POSIX_STRIDE2_COUNT
LUSTRE_STRIPE_WIDTH,POSIX_STRIDE2_STRIDE
tag,POSIX_ACCESS1_ACCESS
POSIX_ACCESS1_ACCESS,POSIX_ACCESS2_ACCESS
POSIX_ACCESS1_ACCESS,POSIX_SIZE_READ_1K_10K
POSIX_ACCESS1_ACCESS,tag
POSIX_ACCESS1_ACCESS,POSIX_STRIDE4_STRIDE
POSIX_ACCESS1_ACCESS,POSIX_READS
POSIX_ACCESS1_ACCESS,POSIX_CONSEC_READS
POSIX_ACCESS1_ACCESS,POSIX_STRIDE3_STRIDE
tag,POSIX_ACCESS1_COUNT
POSIX_ACCESS1_COUNT,POSIX_ACCESS2_COUNT
POSIX_ACCESS1_COUNT,POSIX_SIZE_WRITE_100_1K
POSIX_ACCESS1_COUNT,POSIX_FILE_NOT_ALIGNED
POSIX_ACCESS1_COUNT,POSIX_SEEKS
POSIX_ACCESS1_COUNT,POSIX_READS
POSIX_ACCESS1_COUNT,POSIX_SEQ_READS
POSIX_ACCESS1_COUNT,POSIX_CONSEC_READS
tag,POSIX_ACCESS2_ACCESS
POSIX_ACCESS2_ACCESS,POSIX_ACCESS3_ACCESS
POSIX_ACCESS2_ACCESS,POSIX_ACCESS1_ACCESS
POSIX_ACCESS2_ACCESS,POSIX_STRIDE3_STRIDE
POSIX_ACCESS2_ACCESS,tag
POSIX_ACCESS2_ACCESS,POSIX_STRIDE2_STRIDE
POSIX_ACCESS2_ACCESS,POSIX_SIZE_READ_100K_1M
POSIX_ACCESS2_ACCESS,POSIX_STRIDE2_COUNT
tag,POSIX_ACCESS2_COUNT
POSIX_ACCESS2_COUNT,POSIX_ACCESS3_COUNT
POSIX_ACCESS2_COUNT,POSIX_ACCESS4_COUNT
POSIX_ACCESS2_COUNT,POSIX_ACCESS1_COUNT
POSIX_ACCESS2_COUNT,POSIX_SIZE_WRITE_100_1K
POSIX_ACCESS2_COUNT,POSIX_FILE_NOT_ALIGNED
POSIX_ACCESS2_COUNT,POSIX_SEQ_WRITES
POSIX_ACCESS2_COUNT,POSIX_WRITES
tag,POSIX_ACCESS3_ACCESS
POSIX_ACCESS3_ACCESS,POSIX_ACCESS4_ACCESS
POSIX_ACCESS3_ACCESS,POSIX_ACCESS2_ACCESS
POSIX_ACCESS3_ACCESS,POSIX_BYTES_READ
POSIX_ACCESS3_ACCESS,nprocs
POSIX_ACCESS3_ACCESS,tag
POSIX_ACCESS3_ACCESS,POSIX_STRIDE2_STRIDE
POSIX_ACCESS3_ACCESS,POSIX_STRIDE3_STRIDE
tag,POSIX_ACCESS3_COUNT
POSIX_ACCESS3_COUNT,POSIX_ACCESS2_COUNT
POSIX_ACCESS3_COUNT,POSIX_ACCESS4_COUNT
POSIX_ACCESS3_COUNT,POSIX_FILE_NOT_ALIGNED
POSIX_ACCESS3_COUNT,POSIX_WRITES
POSIX_ACCESS3_COUNT,POSIX_SEQ_WRITES
POSIX_ACCESS3_COUNT,POSIX_READS
POSIX_ACCESS3_COUNT,POSIX_CONSEC_WRITES
tag,POSIX_ACCESS4_ACCESS
POSIX_ACCESS4_ACCESS,POSIX_ACCESS3_ACCESS
POSIX_ACCESS4_ACCESS,POSIX_BYTES_READ
POSIX_ACCESS4_ACCESS,POSIX_FILE_NOT_ALIGNED
POSIX_ACCESS4_ACCESS,nprocs
POSIX_ACCESS4_ACCESS,tag
POSIX_ACCESS4_ACCESS,POSIX_STRIDE2_STRIDE
POSIX_ACCESS4_ACCESS,POSIX_RW_SWITCHES
tag,POSIX_ACCESS4_COUNT
POSIX_ACCESS4_COUNT,POSIX_ACCESS2_COUNT
POSIX_ACCESS4_COUNT,POSIX_ACCESS3_COUNT
POSIX_ACCESS4_COUNT,POSIX_FILE_NOT_ALIGNED
POSIX_ACCESS4_COUNT,POSIX_SEEKS
POSIX_ACCESS4_COUNT,POSIX_READS
POSIX_ACCESS4_COUNT,POSIX_SEQ_READS
POSIX_ACCESS4_COUNT,POSIX_CONSEC_READS
tag,POSIX_BYTES_READ
POSIX_BYTES_READ,POSIX_SIZE_READ_0_100
POSIX_BYTES_READ,POSIX_CONSEC_READS
POSIX_BYTES_READ,POSIX_SEQ_READS
POSIX_BYTES_READ,POSIX_READS
POSIX_BYTES_READ,POSIX_SIZE_READ_1K_10K
POSIX_BYTES_READ,POSIX_MEM_NOT_ALIGNED
POSIX_BYTES_READ,POSIX_SEEKS
tag,POSIX_BYTES_WRITTEN
POSIX_BYTES_WRITTEN,POSIX_WRITES
POSIX_BYTES_WRITTEN,POSIX_SEQ_WRITES
POSIX_BYTES_WRITTEN,POSIX_CONSEC_WRITES
POSIX_BYTES_WRITTEN,POSIX_SIZE_WRITE_0_100
POSIX_BYTES_WRITTEN,POSIX_FILE_NOT_ALIGNED
POSIX_BYTES_WRITTEN,POSIX_SIZE_WRITE_100_1K
POSIX_BYTES_WRITTEN,POSIX_OPENS
tag,POSIX_CONSEC_READS
POSIX_CONSEC_READS,POSIX_SEQ_READS
POSIX_CONSEC_READS,POSIX_READS
POSIX_CONSEC_READS,POSIX_SIZE_READ_0_100
POSIX_CONSEC_READS,POSIX_BYTES_READ
POSIX_CONSEC_READS,POSIX_MEM_NOT_ALIGNED
POSIX_CONSEC_READS,POSIX_SIZE_READ_1K_10K
POSIX_CONSEC_READS,POSIX_SEEKS
tag,POSIX_CONSEC_WRITES
POSIX_CONSEC_WRITES,POSIX_SEQ_WRITES
POSIX_CONSEC_WRITES,POSIX_WRITES
POSIX_CONSEC_WRITES,POSIX_FILE_NOT_ALIGNED
POSIX_CONSEC_WRITES,POSIX_SIZE_WRITE_0_100
POSIX_CONSEC_WRITES,POSIX_BYTES_WRITTEN
POSIX_CONSEC_WRITES,POSIX_SIZE_WRITE_100_1K
POSIX_CONSEC_WRITES,POSIX_ACCESS2_COUNT
tag,POSIX_FILENOS
POSIX_FILENOS,POSIX_OPENS
POSIX_FILENOS,POSIX_STATS
POSIX_FILENOS,POSIX_SIZE_WRITE_0_100
POSIX_FILENOS,POSIX_WRITES
POSIX_FILENOS,POSIX_SEQ_WRITES
POSIX_FILENOS,POSIX_CONSEC_WRITES
POSIX_FILENOS,POSIX_FILE_NOT_ALIGNED
tag,POSIX_FILE_ALIGNMENT
POSIX_FILE_ALIGNMENT,nprocs
POSIX_FILE_ALIGNMENT,POSIX_ACCESS3_COUNT
POSIX_FILE_ALIGNMENT,POSIX_STATS
POSIX_FILE_ALIGNMENT,POSIX_CONSEC_READS
POSIX_FILE_ALIGNMENT,POSIX_OPENS
POSIX_FILE_ALIGNMENT,POSIX_FILE_NOT_ALIGNED
POSIX_FILE_ALIGNMENT,POSIX_READS
tag,POSIX_FILE_NOT_ALIGNED
POSIX_FILE_NOT_ALIGNED,POSIX_WRITES
POSIX_FILE_NOT_ALIGNED,POSIX_CONSEC_WRITES
POSIX_FILE_NOT_ALIGNED,POSIX_SEQ_WRITES
POSIX_FILE_NOT_ALIGNED,POSIX_SIZE_WRITE_0_100
POSIX_FILE_NOT_ALIGNED,POSIX_BYTES_WRITTEN
POSIX_FILE_NOT_ALIGNED,POSIX_SIZE_WRITE_100_1K
POSIX_FILE_NOT_ALIGNED,POSIX_READS
tag,POSIX_MEM_NOT_ALIGNED
POSIX_MEM_NOT_ALIGNED,POSIX_SIZE_READ_0_100
POSIX_MEM_NOT_ALIGNED,POSIX_READS
POSIX_MEM_NOT_ALIGNED,POSIX_CONSEC_READS
POSIX_MEM_NOT_ALIGNED,POSIX_SEQ_READS
POSIX_MEM_NOT_ALIGNED,POSIX_BYTES_READ
POSIX_MEM_NOT_ALIGNED,POSIX_SIZE_READ_1K_10K
POSIX_MEM_NOT_ALIGNED,POSIX_SEEKS
tag,POSIX_OPENS
POSIX_OPENS,POSIX_STATS
POSIX_OPENS,POSIX_SEEKS
POSIX_OPENS,POSIX_SIZE_READ_0_100
POSIX_OPENS,POSIX_READS
POSIX_OPENS,POSIX_SIZE_READ_100_1K
POSIX_OPENS,POSIX_SEQ_READS
POSIX_OPENS,POSIX_CONSEC_READS
tag,POSIX_READS
POSIX_READS,POSIX_SEQ_READS
POSIX_READS,POSIX_CONSEC_READS
POSIX_READS,POSIX_SIZE_READ_0_100
POSIX_READS,POSIX_SIZE_READ_1K_10K
POSIX_READS,POSIX_BYTES_READ
POSIX_READS,POSIX_SEEKS
POSIX_READS,POSIX_MEM_NOT_ALIGNED
tag,POSIX_RW_SWITCHES
POSIX_RW_SWITCHES,POSIX_SIZE_WRITE_100_1K
POSIX_RW_SWITCHES,POSIX_SEEKS
POSIX_RW_SWITCHES,POSIX_READS
POSIX_RW_SWITCHES,POSIX_SIZE_WRITE_100K_1M
POSIX_RW_SWITCHES,POSIX_CONSEC_READS
POSIX_RW_SWITCHES,POSIX_SEQ_READS
POSIX_RW_SWITCHES,POSIX_STRIDE1_COUNT
tag,POSIX_SEEKS
POSIX_SEEKS,POSIX_OPENS
POSIX_SEEKS,POSIX_STATS
POSIX_SEEKS,POSIX_READS
POSIX_SEEKS,POSIX_SEQ_READS
POSIX_SEEKS,POSIX_SIZE_READ_0_100
POSIX_SEEKS,POSIX_CONSEC_READS
POSIX_SEEKS,POSIX_BYTES_READ
tag,POSIX_SEQ_READS
POSIX_SEQ_READS,POSIX_READS
POSIX_SEQ_READS,POSIX_CONSEC_READS
POSIX_SEQ_READS,POSIX_SIZE_READ_1K_10K
POSIX_SEQ_READS,POSIX_SIZE_READ_0_100
POSIX_SEQ_READS,POSIX_BYTES_READ
POSIX_SEQ_READS,POSIX_SEEKS
POSIX_SEQ_READS,POSIX_MEM_NOT_ALIGNED
tag,POSIX_SEQ_WRITES
POSIX_SEQ_WRITES,POSIX_WRITES
POSIX_SEQ_WRITES,POSIX_CONSEC_WRITES
POSIX_SEQ_WRITES,POSIX_FILE_NOT_ALIGNED
POSIX_SEQ_WRITES,POSIX_SIZE_WRITE_0_100
POSIX_SEQ_WRITES,POSIX_BYTES_WRITTEN
POSIX_SEQ_WRITES,POSIX_SIZE_WRITE_100_1K
POSIX_SEQ_WRITES,POSIX_ACCESS2_COUNT
tag,POSIX_SIZE_READ_0_100
POSIX_SIZE_READ_0_100,POSIX_READS
POSIX_SIZE_READ_0_100,POSIX_CONSEC_READS
POSIX_SIZE_READ_0_100,POSIX_SEQ_READS
POSIX_SIZE_READ_0_100,POSIX_BYTES_READ
POSIX_SIZE_READ_0_100,POSIX_SEEKS
POSIX_SIZE_READ_0_100,POSIX_OPENS
POSIX_SIZE_READ_0_100,POSIX_MEM_NOT_ALIGNED
tag,POSIX_SIZE_READ_100K_1M
POSIX_SIZE_READ_100K_1M,POSIX_SIZE_WRITE_100K_1M
POSIX_SIZE_READ_100K_1M,POSIX_SIZE_WRITE_10K_100K
POSIX_SIZE_READ_100K_1M,POSIX_STRIDE1_STRIDE
POSIX_SIZE_READ_100K_1M,POSIX_STRIDE4_COUNT
POSIX_SIZE_READ_100K_1M,POSIX_STRIDE3_COUNT
POSIX_SIZE_READ_100K_1M,POSIX_STRIDE2_COUNT
POSIX_SIZE_READ_100K_1M,POSIX_STRIDE1_COUNT
tag,POSIX_SIZE_READ_100_1K
POSIX_SIZE_READ_100_1K,POSIX_SIZE_READ_0_100
POSIX_SIZE_READ_100_1K,POSIX_SEEKS
POSIX_SIZE_READ_100_1K,POSIX_OPENS
POSIX_SIZE_READ_100_1K,POSIX_STATS
POSIX_SIZE_READ_100_1K,POSIX_READS
POSIX_SIZE_READ_100_1K,POSIX_SEQ_READS
POSIX_SIZE_READ_100_1K,POSIX_CONSEC_READS
tag,POSIX_SIZE_READ_1K_10K
POSIX_SIZE_READ_1K_10K,POSIX_SEQ_READS
POSIX_SIZE_READ_1K_10K,POSIX_READS
POSIX_SIZE_READ_1K_10K,POSIX_BYTES_READ
POSIX_SIZE_READ_1K_10K,POSIX_CONSEC_READS
POSIX_SIZE_READ_1K_10K,POSIX_SIZE_READ_0_100
POSIX_SIZE_READ_1K_10K,POSIX_MEM_NOT_ALIGNED
POSIX_SIZE_READ_1K_10K,POSIX_SEEKS
tag,POSIX_SIZE_WRITE_0_100
POSIX_SIZE_WRITE_0_100,POSIX_CONSEC_WRITES
POSIX_SIZE_WRITE_0_100,POSIX_SEQ_WRITES
POSIX_SIZE_WRITE_0_100,POSIX_WRITES
POSIX_SIZE_WRITE_0_100,POSIX_FILE_NOT_ALIGNED
POSIX_SIZE_WRITE_0_100,POSIX_BYTES_WRITTEN
POSIX_SIZE_WRITE_0_100,POSIX_SIZE_WRITE_100_1K
POSIX_SIZE_WRITE_0_100,POSIX_STATS
tag,POSIX_SIZE_WRITE_100K_1M
POSIX_SIZE_WRITE_100K_1M,POSIX_SEEKS
POSIX_SIZE_WRITE_100K_1M,POSIX_SIZE_WRITE_100_1K
POSIX_SIZE_WRITE_100K_1M,POSIX_BYTES_WRITTEN
POSIX_SIZE_WRITE_100K_1M,POSIX_SIZE_READ_1K_10K
POSIX_SIZE_WRITE_100K_1M,POSIX_READS
POSIX_SIZE_WRITE_100K_1M,POSIX_SEQ_READS
POSIX_SIZE_WRITE_100K_1M,POSIX_CONSEC_READS
tag,POSIX_SIZE_WRITE_100_1K
POSIX_SIZE_WRITE_100_1K,POSIX_SEQ_WRITES
POSIX_SIZE_WRITE_100_1K,POSIX_CONSEC_WRITES
POSIX_SIZE_WRITE_100_1K,POSIX_WRITES
POSIX_SIZE_WRITE_100_1K,POSIX_BYTES_WRITTEN
POSIX_SIZE_WRITE_100_1K,POSIX_SIZE_WRITE_0_100
POSIX_SIZE_WRITE_100_1K,POSIX_FILE_NOT_ALIGNED
POSIX_SIZE_WRITE_100_1K,POSIX_ACCESS1_COUNT
tag,POSIX_SIZE_WRITE_10K_100K
POSIX_SIZE_WRITE_10K_100K,POSIX_SIZE_READ_100K_1M
POSIX_SIZE_WRITE_10K_100K,POSIX_STRIDE1_COUNT
POSIX_SIZE_WRITE_10K_100K,POSIX_STRIDE4_COUNT
POSIX_SIZE_WRITE_10K_100K,POSIX_STRIDE2_COUNT
POSIX_SIZE_WRITE_10K_100K,POSIX_STRIDE3_COUNT
POSIX_SIZE_WRITE_10K_100K,POSIX_STRIDE3_STRIDE
POSIX_SIZE_WRITE_10K_100K,POSIX_STRIDE4_STRIDE
tag,POSIX_SIZE_WRITE_1K_10K
POSIX_SIZE_WRITE_1K_10K,POSIX_STRIDE1_COUNT
POSIX_SIZE_WRITE_1K_10K,POSIX_SIZE_WRITE_10K_100K
POSIX_SIZE_WRITE_1K_10K,POSIX_STRIDE2_STRIDE
POSIX_SIZE_WRITE_1K_10K,POSIX_STRIDE4_COUNT
POSIX_SIZE_WRITE_1K_10K,POSIX_RW_SWITCHES
POSIX_SIZE_WRITE_1K_10K,POSIX_STRIDE1_STRIDE
POSIX_SIZE_WRITE_1K_10K,POSIX_SIZE_READ_100K_1M
tag,POSIX_STATS
POSIX_STATS,POSIX_OPENS
POSIX_STATS,POSIX_SEEKS
POSIX_STATS,POSIX_SIZE_READ_0_100
POSIX_STATS,POSIX_READS
POSIX_STATS,POSIX_SEQ_READS
POSIX_STATS,POSIX_SIZE_READ_100_1K
POSIX_STATS,POSIX_CONSEC_READS
tag,POSIX_STRIDE1_COUNT
POSIX_STRIDE1_COUNT,POSIX_STRIDE3_COUNT
POSIX_STRIDE1_COUNT,POSIX_STRIDE2_COUNT
POSIX_STRIDE1_COUNT,POSIX_STRIDE4_COUNT
POSIX_STRIDE1_COUNT,POSIX_STRIDE2_STRIDE
POSIX_STRIDE1_COUNT,POSIX_STRIDE1_STRIDE
POSIX_STRIDE1_COUNT,POSIX_STRIDE4_STRIDE
POSIX_STRIDE1_COUNT,POSIX_STRIDE3_STRIDE
tag,POSIX_STRIDE1_STRIDE
POSIX_STRIDE1_STRIDE,POSIX_STRIDE2_STRIDE
POSIX_STRIDE1_STRIDE,POSIX_STRIDE3_STRIDE
POSIX_STRIDE1_STRIDE,POSIX_STRIDE4_STRIDE
POSIX_STRIDE1_STRIDE,POSIX_STRIDE1_COUNT
POSIX_STRIDE1_STRIDE,POSIX_STRIDE2_COUNT
POSIX_STRIDE1_STRIDE,POSIX_STRIDE3_COUNT
POSIX_STRIDE1_STRIDE,POSIX_STRIDE4_COUNT
tag,POSIX_STRIDE2_COUNT
POSIX_STRIDE2_COUNT,POSIX_STRIDE3_COUNT
POSIX_STRIDE2_COUNT,POSIX_STRIDE4_COUNT
POSIX_STRIDE2_COUNT,POSIX_STRIDE1_COUNT
POSIX_STRIDE2_COUNT,POSIX_STRIDE2_STRIDE
POSIX_STRIDE2_COUNT,POSIX_STRIDE3_STRIDE
POSIX_STRIDE2_COUNT,POSIX_STRIDE4_STRIDE
POSIX_STRIDE2_COUNT,POSIX_SIZE_WRITE_100K_1M
tag,POSIX_STRIDE2_STRIDE
POSIX_STRIDE2_STRIDE,POSIX_STRIDE3_STRIDE
POSIX_STRIDE2_STRIDE,POSIX_STRIDE4_STRIDE
POSIX_STRIDE2_STRIDE,POSIX_STRIDE1_STRIDE
POSIX_STRIDE2_STRIDE,POSIX_STRIDE2_COUNT
POSIX_STRIDE2_STRIDE,POSIX_STRIDE1_COUNT
POSIX_STRIDE2_STRIDE,POSIX_STRIDE3_COUNT
POSIX_STRIDE2_STRIDE,POSIX_STRIDE4_COUNT
tag,POSIX_STRIDE3_COUNT
POSIX_STRIDE3_COUNT,POSIX_STRIDE2_COUNT
POSIX_STRIDE3_COUNT,POSIX_STRIDE4_COUNT
POSIX_STRIDE3_COUNT,POSIX_STRIDE1_COUNT
POSIX_STRIDE3_COUNT,POSIX_STRIDE2_STRIDE
POSIX_STRIDE3_COUNT,POSIX_STRIDE3_STRIDE
POSIX_STRIDE3_COUNT,POSIX_STRIDE4_STRIDE
POSIX_STRIDE3_COUNT,POSIX_SIZE_WRITE_100K_1M
tag,POSIX_STRIDE3_STRIDE
POSIX_STRIDE3_STRIDE,POSIX_STRIDE4_STRIDE
POSIX_STRIDE3_STRIDE,POSIX_STRIDE2_STRIDE
POSIX_STRIDE3_STRIDE,POSIX_STRIDE1_STRIDE
POSIX_STRIDE3_STRIDE,POSIX_STRIDE2_COUNT
POSIX_STRIDE3_STRIDE,POSIX_STRIDE3_COUNT
POSIX_STRIDE3_STRIDE,POSIX_STRIDE4_COUNT
POSIX_STRIDE3_STRIDE,POSIX_STRIDE1_COUNT
tag,POSIX_STRIDE4_COUNT
POSIX_STRIDE4_COUNT,POSIX_STRIDE3_COUNT
POSIX_STRIDE4_COUNT,POSIX_STRIDE2_COUNT
POSIX_STRIDE4_COUNT,POSIX_STRIDE1_COUNT
POSIX_STRIDE4_COUNT,POSIX_STRIDE4_STRIDE
POSIX_STRIDE4_COUNT,POSIX_STRIDE3_STRIDE
POSIX_STRIDE4_COUNT,POSIX_STRIDE2_STRIDE
POSIX_STRIDE4_COUNT,POSIX_SIZE_WRITE_100K_1M
tag,POSIX_STRIDE4_STRIDE
POSIX_STRIDE4_STRIDE,POSIX_STRIDE3_STRIDE
POSIX_STRIDE4_STRIDE,POSIX_STRIDE2_STRIDE
POSIX_STRIDE4_STRIDE,POSIX_STRIDE4_COUNT
POSIX_STRIDE4_STRIDE,POSIX_STRIDE2_COUNT
POSIX_STRIDE4_STRIDE,POSIX_STRIDE1_STRIDE
POSIX_STRIDE4_STRIDE,POSIX_STRIDE3_COUNT
POSIX_STRIDE4_STRIDE,POSIX_STRIDE1_COUNT
tag,POSIX_WRITES
POSIX_WRITES,POSIX_SEQ_WRITES
POSIX_WRITES,POSIX_CONSEC_WRITES
POSIX_WRITES,POSIX_FILE_NOT_ALIGNED
POSIX_WRITES,POSIX_SIZE_WRITE_0_100
POSIX_WRITES,POSIX_BYTES_WRITTEN
POSIX_WRITES,POSIX_SIZE_WRITE_100_1K
POSIX_WRITES,POSIX_ACCESS2_COUNT
tag,nprocs
nprocs,POSIX_OPENS
nprocs,POSIX_STATS
nprocs,POSIX_SEQ_READS
nprocs,POSIX_CONSEC_READS
nprocs,POSIX_READS
nprocs,POSIX_SIZE_READ_1K_10K
nprocs,POSIX_SEEKS
